timestamp,face_id,confidence,true_label,predicted_label,processing_time
2026-03-30T13:32:28.922768,9_6,0.9969200762362778,authorized,Sasidhar,1639.3470764160156
2026-03-30T13:32:29.621343,8_5,0.9999916582899224,authorized,Sasidhar,524.5544910430908
2026-03-30T13:32:30.111988,8_5,0.9974123878394037,authorized,Sasidhar,328.0460834503174
2026-03-30T13:32:30.601546,8_5,0.9956167526220882,authorized,Sasidhar,272.98855781555176
2026-03-30T13:32:31.015220,8_5,0.9999955769721144,authorized,Sasidhar,176.9547462463379
2026-03-30T13:32:31.404374,8_5,0.9999944197371557,authorized,Sasidhar,188.65132331848145
2026-03-30T13:32:31.817603,8_5,0.998109848932531,?,Sasidhar,221.74930572509766
2026-03-30T13:32:32.163120,8_5,0.9999977823321632,?,Sasidhar,191.37120246887207
2026-03-30T13:32:32.374626,8_5,0.9999973887581319,?,Sasidhar,111.19651794433594
2026-03-30T13:32:32.562457,8_5,0.9999940731582123,authorized,Sasidhar,110.6867790222168
2026-03-30T13:32:32.722752,8_5,0.9999979695268505,authorized,Sasidhar,81.10380172729492
2026-03-30T13:32:32.989007,8_4,0.9999947949666851,authorized,Sasidhar,193.85504722595215
2026-03-30T13:32:33.189484,8_4,0.9999958699501665,authorized,Sasidhar,143.32938194274902
2026-03-30T13:32:33.365996,8_4,0.9976832586139286,authorized,Sasidhar,94.91562843322754
2026-03-30T13:32:33.506705,8_4,0.9999961596316852,authorized,Sasidhar,76.08914375305176
2026-03-30T13:32:33.667667,8_4,0.9999919901403905,authorized,Sasidhar,102.56624221801758
2026-03-30T13:32:33.911848,8_4,0.996934422304281,authorized,Sasidhar,154.34002876281738
2026-03-30T13:32:34.066485,8_4,0.9999968429248849,authorized,Sasidhar,91.98641777038574
2026-03-30T13:32:34.210522,8_4,0.9999947142562433,authorized,Sasidhar,66.44463539123535
2026-03-30T13:32:34.389720,8_4,0.999993908136289,authorized,Sasidhar,111.61613464355469
2026-03-30T13:32:34.574611,8_4,0.9976677801944157,authorized,Sasidhar,120.12338638305664
2026-03-30T13:32:34.723980,8_4,0.9999949209813628,authorized,Sasidhar,86.71998977661133
2026-03-30T13:32:34.947725,8_4,0.9972541119222802,authorized,Sasidhar,152.80818939208984
2026-03-30T13:32:35.135667,8_4,0.9974631007560105,authorized,Sasidhar,93.25909614562988
2026-03-30T13:32:35.297833,8_4,0.9999954256668441,authorized,Sasidhar,95.04413604736328
2026-03-30T13:32:35.472197,8_4,0.9981014531750737,authorized,Sasidhar,96.63748741149902
2026-03-30T13:32:35.612474,8_4,0.9981056342901261,authorized,Sasidhar,82.68308639526367
2026-03-30T13:32:35.776953,8_4,0.997422424313861,authorized,Sasidhar,111.16981506347656
2026-03-30T13:32:35.961339,8_4,0.9970758942477839,authorized,Sasidhar,110.09645462036133
2026-03-30T13:32:36.138608,8_4,0.9970853392392983,authorized,Sasidhar,112.14280128479004
2026-03-30T13:32:36.302231,8_4,0.9967378571892865,authorized,Sasidhar,100.57950019836426
2026-03-30T13:32:36.547344,8_4,0.9951064974964592,authorized,Sasidhar,182.46102333068848
2026-03-30T13:32:36.792024,8_4,0.9969240744954941,authorized,Sasidhar,184.45324897766113
2026-03-30T13:32:37.048587,8_4,0.9966876342597761,authorized,Sasidhar,203.71031761169434
2026-03-30T13:32:37.532493,8_4,0.9969532631954595,authorized,Sasidhar,416.54205322265625
2026-03-30T13:32:37.854597,8_4,0.9968632203073445,authorized,Sasidhar,212.62192726135254
2026-03-30T13:32:38.067394,8_4,0.9954884864375418,authorized,Sasidhar,144.2720890045166
2026-03-30T13:32:38.273179,8_4,0.9961356227572091,authorized,Sasidhar,152.4510383605957
2026-03-30T13:32:38.631313,8_4,0.9967734078993328,authorized,Sasidhar,277.67300605773926
2026-03-30T13:32:39.123029,8_4,0.9961356350567889,authorized,Sasidhar,347.8527069091797
2026-03-30T13:32:39.552806,8_4,0.9961598466562054,authorized,Sasidhar,328.2504081726074
2026-03-30T13:32:39.918554,8_4,0.9970191834539845,authorized,Sasidhar,309.90028381347656
2026-03-30T13:32:40.265817,8_4,0.9942055004525789,authorized,Sasidhar,226.47452354431152
2026-03-30T13:32:40.715434,8_4,0.9952780983800207,authorized,Sasidhar,366.8498992919922
2026-03-30T13:32:41.131000,8_4,0.9942387662655531,authorized,Sasidhar,302.28400230407715
2026-03-30T13:32:41.612993,8_4,0.9974494467978368,authorized,Sasidhar,333.7562084197998
2026-03-30T13:32:42.246129,8_4,0.9950332741518958,authorized,Sasidhar,513.1447315216064
2026-03-30T13:32:42.796937,8_4,0.9942154895475159,authorized,Sasidhar,427.6461601257324
2026-03-30T13:32:43.300543,8_4,0.9953505692264146,authorized,Sasidhar,401.78632736206055
2026-03-30T13:32:43.674581,8_4,0.9928680554105873,authorized,Sasidhar,266.0045623779297
2026-03-30T13:32:43.931671,8_4,0.9951129442741277,authorized,Sasidhar,188.8449192047119
2026-03-30T13:32:44.159758,8_4,0.9960580690654028,authorized,Sasidhar,161.12494468688965
2026-03-30T13:32:44.445745,8_4,0.995999193943749,authorized,Sasidhar,195.61076164245605
2026-03-30T13:32:44.733206,8_4,0.9967413146085194,authorized,Sasidhar,103.11055183410645
2026-03-30T13:32:44.977734,8_4,0.99543954627591,authorized,Sasidhar,174.13043975830078
2026-03-30T13:32:45.225648,8_4,0.9964738618987108,authorized,Sasidhar,168.53070259094238
2026-03-30T13:32:45.492755,8_4,0.9972356593896539,authorized,Sasidhar,165.85636138916016
2026-03-30T13:32:45.720909,8_4,0.9999925884034143,authorized,Sasidhar,172.35422134399414
2026-03-30T13:32:45.906812,8_4,0.9968232891744442,authorized,Sasidhar,116.3334846496582
2026-03-30T13:32:46.064393,8_4,0.9970011383448187,authorized,Sasidhar,99.4257926940918
2026-03-30T13:32:46.211239,7_4,0.9966343288946485,authorized,Sasidhar,82.26561546325684
2026-03-30T13:32:46.445284,8_4,0.9999938247560264,unauthorized,Sasidhar,157.18793869018555
2026-03-30T13:32:46.637043,8_4,0.996975037731848,unauthorized,Sasidhar,118.05868148803711
2026-03-30T13:32:46.838329,8_4,0.9968815975390231,unauthorized,Sasidhar,129.960298538208
2026-03-30T13:32:47.037405,8_4,0.9977375791653468,unauthorized,Sasidhar,132.29012489318848
2026-03-30T13:32:47.177655,8_4,0.9969274665140688,authorized,Sasidhar,97.22566604614258
2026-03-30T13:32:47.287126,8_4,0.9973468970091822,?,Sasidhar,58.470726013183594
2026-03-30T13:32:47.461315,8_4,0.9978968086357953,authorized,Sasidhar,102.89478302001953
2026-03-30T13:32:47.601583,8_4,0.9970773967041441,authorized,Sasidhar,82.37218856811523
2026-03-30T13:32:47.965521,8_4,0.9972981016780305,authorized,Sasidhar,309.4024658203125
2026-03-30T13:32:48.396857,8_4,0.9957919973037933,authorized,Sasidhar,274.8124599456787
2026-03-30T13:32:48.880243,8_4,0.9962241686409367,unauthorized,Sasidhar,326.3561725616455
2026-03-30T13:32:49.386806,8_5,0.9976515376008703,unauthorized,Sasidhar,370.03564834594727
